maker,model,maker code,model code
Acura,CL,20001,20773
Acura,ILX,20001,47843
Acura,ILX Hybrid,20001,48964
Acura,Integra,20001,21266
Acura,Legend,20001,21380
Acura,MDX,20001,21422
Acura,MDX Sport Hybrid,20001,36306155
Acura,NSX,20001,21685
Acura,RDX,20001,21831
Acura,RL,20001,21782
Acura,RLX,20001,51867
Acura,RLX Sport Hybrid,20001,58167
Acura,RSX,20001,21784
Acura,SLX,20001,21879
Acura,TL,20001,22237
Acura,TLX,20001,57287
Acura,TSX,20001,22248
Acura,Vigor,20001,22362
Acura,ZDX,20001,32888
Alfa Romeo,164,20047,20325
Alfa Romeo,4C,20047,57327
Alfa Romeo,4C Spider,20047,30021900
Alfa Romeo,8c Competizione,20047,34963
Alfa Romeo,8c Spider,20047,36314247
Alfa Romeo,Giulia,20047,21238
Alfa Romeo,Spider,20047,22172
Alfa Romeo,Stelvio,20047,36285237
Am General,Hummer,20002,21235
Aston Martin,DB AR1 Zagato,20003,46643
Aston Martin,DB11,20003,36298053
Aston Martin,DB7,20003,20961
Aston Martin,DB7 Vantage,20003,20955
Aston Martin,DB9,20003,20967
Aston Martin,DBS,20003,20957
Aston Martin,Rapide,20003,37363
Aston Martin,Rapide S,20003,53259
Aston Martin,V12 Vanquish,20003,22247
Aston Martin,V12 Vantage,20003,40743
Aston Martin,V12 Vantage S,20003,57988
Aston Martin,V8 Vantage,20003,22253
Aston Martin,V8 Vantage S,20003,47110
Aston Martin,Vanquish,20003,52728
Aston Martin,Vantage,20003,22266
Aston Martin,Vantage GT,20003,30002548
Aston Martin,Virage,20003,22282
Audi,100,20049,20229
Audi,200,20049,20303
Audi,80,20049,20542
Audi,90,20049,20568
Audi,A3,20049,20591
Audi,A3 e-tron,20049,30026257
Audi,A4,20049,20596
Audi,A4 allroad,20049,35472815
Audi,A5,20049,20593
Audi,A6,20049,20598
Audi,A7,20049,43143
Audi,A8,20049,20595
Audi,allroad,20049,22398
Audi,Cabriolet,20049,20792
Audi,Q3,20049,56290
Audi,Q5,20049,27681
Audi,Q5 hybrid,20049,50823
Audi,Q7,20049,21759
Audi,quattro,20049,21763
Audi,R8,20049,21778
Audi,RS 3,20049,36310105
Audi,RS 4,20049,21783
Audi,RS 5,20049,47273
Audi,RS 7,20049,54467
Audi,RS6,20049,21835
Audi,S3,20049,21855
Audi,S4,20049,21912
Audi,S5,20049,21914
Audi,S6,20049,21859
Audi,S7,20049,21862
Audi,S8,20049,21863
Audi,SQ5,20049,53787
Audi,TT,20049,22159
Audi,TT RS,20049,45283
Audi,TTS,20049,27461
Avanti Motors,Avanti,20050,20662
Bentley,Arnage,20051,20638
Bentley,Azure,20051,20668
Bentley,Bentayga,20051,33535058
Bentley,Brooklands,20051,20719
Bentley,Continental,20051,20849
Bentley,Continental Flying Spur,20051,20868
Bentley,Continental GT,20051,20851
Bentley,Continental GTC,20051,20870
Bentley,Continental Supersports,20051,31863
Bentley,Flying Spur,20051,53407
Bentley,Mulsanne,20051,21680
Bentley,R-Type,20051,21774
Bentley,Turbo R,20051,22303
Bentley,Turbo RL,20051,22215
Bentley,Turbo RT,20051,22304
Bentley,Turbo S,20051,22217
BMW,1-Series,20005,"43243,20281,20292"
BMW,1 Series M,20005,43243
BMW,128,20005,20281
BMW,135,20005,20292
BMW,2-Series,20005,"20321,20356,56207,34434113"
BMW,228,20005,20321
BMW,230,20005,20356
BMW,M235,20005,56207
BMW,M240,20005,34434113
BMW,3-Series,20005,"20439,20406,20443,20408,20444,54409,54812,20409,34991443,33797688,20445,54410,20411,34991691,49843,21392"
BMW,318,20005,20439
BMW,320,20005,20406
BMW,323,20005,20443
BMW,325,20005,20408
BMW,328,20005,20444
BMW,328 Gran Turismo,20005,54409
BMW,328d,20005,54812
BMW,330,20005,20409
BMW,330 Gran Turismo,20005,34991443
BMW,330e,20005,33797688
BMW,335,20005,20445
BMW,335 Gran Turismo,20005,54410
BMW,340,20005,20411
BMW,340 Gran Turismo,20005,34991691
BMW,ActiveHybrid 3,20005,49843
BMW,M3,20005,21392
BMW,4-Series,20005,"20434,57268,20471,34992056,54807,57267,20436,34992145,56127"
BMW,428,20005,20434
BMW,428 Gran Coupe,20005,57268
BMW,430,20005,20471
BMW,430 Gran Coupe,20005,34992056
BMW,435,20005,54807
BMW,435 Gran Coupe,20005,57267
BMW,440,20005,20436
BMW,440 Gran Coupe,20005,34992145
BMW,M4,20005,56127
BMW,5-Series,20005,"20470,20496,20498,36302078,20500,36963,54811,20502,36376059,20481,20487,35050,47944,21396"
BMW,525,20005,20470
BMW,528,20005,20496
BMW,530,20005,20498
BMW,530e,20005,36302078
BMW,535,20005,20500
BMW,535 Gran Turismo,20005,36963
BMW,535d,20005,54811
BMW,540,20005,20502
BMW,540d,20005,36376059
BMW,545,20005,20481
BMW,550,20005,20487
BMW,550 Gran Turismo,20005,35050
BMW,ActiveHybrid 5,20005,47944
BMW,M5,20005,21396
BMW,6-Series,20005,"20513,48064,36326932,20524,20515,49763,57269,21420,52547"
BMW,640,20005,20513
BMW,640 Gran Coupe,20005,48064
BMW,640 Gran Turismo,20005,36326932
BMW,645,20005,20524
BMW,650,20005,20515
BMW,650 Gran Coupe,20005,49763
BMW,ALPINA B6 Gran Coupe,20005,57269
BMW,M6,20005,21420
BMW,M6 Gran Coupe,20005,52547
BMW,7-Series,20005,"20532,20539,35346517,20534,20536,20538,56187,49923,35923,20625"
BMW,735,20005,20532
BMW,740,20005,20539
BMW,740e,20005,35346517
BMW,745,20005,20534
BMW,750,20005,20536
BMW,760,20005,20538
BMW,ActiveHybrid 7,20005,56187
BMW,ActiveHybrid 740,20005,49923
BMW,ActiveHybrid 750,20005,35923
BMW,ALPINA B7,20005,20625
BMW,840,20005,20562
BMW,850,20005,20546
BMW,i3,20005,56067
BMW,i8,20005,56068
BMW,M-Series,20005,"43243,21388,33763017,56207,34434113,21392,56127,21396,36303139,21420,52547,36294682,32885,33023,22334"
BMW,1 Series M,20005,43243
BMW,M,20005,21388
BMW,M2,20005,33763017
BMW,M235,20005,56207
BMW,M240,20005,34434113
BMW,M3,20005,21392
BMW,M4,20005,56127
BMW,M5,20005,21396
BMW,M550,20005,36303139
BMW,M6,20005,21420
BMW,M6 Gran Coupe,20005,52547
BMW,M760,20005,36294682
BMW,X5 M,20005,32885
BMW,X6 M,20005,33023
BMW,Z4 M,20005,22334
BMW,X-Series,20005,"39483,48263,36365322,22310,56907,22378,30032858,32885,22312,33023"
BMW,ActiveHybrid X6,20005,39483
BMW,X1,20005,48263
BMW,X2,20005,36365322
BMW,X3,20005,22310
BMW,X4,20005,56907
BMW,X5,20005,22378
BMW,X5 eDrive,20005,30032858
BMW,X5 M,20005,32885
BMW,X6,20005,22312
BMW,X6 M,20005,33023
BMW,Z3,20005,22333
BMW,Z4,20005,22395
BMW,Z8,20005,22396
Bugatti,Veyron,33583,55767
Bugatti,Veyron 16.4,33583,33603
Buick,Cascada,20006,30000872
Buick,Century,20006,20826
Buick,Enclave,20006,21058
Buick,Encore,20006,21071
Buick,Envision,20006,33796893
Buick,LaCrosse,20006,21355
Buick,LeSabre,20006,21393
Buick,Lucerne,20006,21406
Buick,Park Avenue,20006,21713
Buick,Rainier,20006,21798
Buick,Reatta,20006,21876
Buick,Regal,20006,21878
Buick,Regal Sportback,20006,36321969
Buick,Regal TourX,20006,36321972
Buick,Rendezvous,20006,21883
Buick,Riviera,20006,21830
Buick,Roadmaster,20006,21832
Buick,Skylark,20006,22077
Buick,Terraza,20006,22167
Buick,Verano,20006,46183
Cadillac,Allante,20052,20624
Cadillac,ATS,20052,47563
Cadillac,ATS-V,20052,30001954
Cadillac,Brougham,20052,20721
Cadillac,Catera,20052,20789
Cadillac,CT6,20052,30003197
Cadillac,CT6 PLUG-IN,20052,36298653
Cadillac,CTS,20052,20787
Cadillac,CTS-V,20052,30000964
Cadillac,DeVille,20052,20983
Cadillac,DTS,20052,20987
Cadillac,Eldorado,20052,21059
Cadillac,ELR,20052,52107
Cadillac,Escalade,20052,21081
Cadillac,Escalade ESV,20052,21066
Cadillac,Escalade EXT,20052,21086
Cadillac,Escalade Hybrid,20052,21068
Cadillac,Fleetwood,20052,21134
Cadillac,Seville,20052,22080
Cadillac,Sixty Special,20052,22135
Cadillac,SRX,20052,21887
Cadillac,STS,20052,21940
Cadillac,XLR,20052,22390
Cadillac,XT5,20052,33486882
Cadillac,XTS,20052,47274
Chevrolet,1500,20053,20277
Chevrolet,2500,20053,20377
Chevrolet,3500,20053,20451
Chevrolet,Astro,20053,20650
Chevrolet,Avalanche,20053,20656
Chevrolet,Aveo,20053,20667
Chevrolet,Beretta,20053,20695
Chevrolet,Blazer,20053,20702
Chevrolet,Bolt EV,20053,36274172
Chevrolet,Camaro,20053,20770
Chevrolet,Caprice,20053,20805
Chevrolet,Caprice Classic,20053,20782
Chevrolet,Captiva Sport,20053,49403
Chevrolet,Cavalier,20053,20817
Chevrolet,City Express,20053,57447
Chevrolet,Classic,20053,20824
Chevrolet,Cobalt,20053,20854
Chevrolet,Colorado,20053,20856
Chevrolet,Corsica,20053,20883
Chevrolet,Corvette,20053,20884
Chevrolet,Cruze,20053,35026
Chevrolet,Cruze Limited,20053,30019417
Chevrolet,Equinox,20053,21065
Chevrolet,Express Vans,20053,"21109,26504,26508,22353"
Chevrolet,Express 1500,20053,21109
Chevrolet,Express 2500,20053,26504
Chevrolet,Express 3500,20053,26508
Chevrolet,Van,20053,22353
Chevrolet,HHR,20053,21231
Chevrolet,Impala,20053,21291
Chevrolet,Impala Limited,20053,57087
Chevrolet,Lumina,20053,21385
Chevrolet,Lumina APV,20053,21408
Chevrolet,Malibu,20053,21413
Chevrolet,Malibu Classic,20053,21437
Chevrolet,Malibu Hybrid,20053,27361
Chevrolet,Malibu Limited,20053,30028443
Chevrolet,Malibu Maxx,20053,21415
Chevrolet,Metro,20053,21500
Chevrolet,Monte Carlo,20053,21703
Chevrolet,Pickup,20053,21775
Chevrolet,Prizm,20053,21797
Chevrolet,S-10,20053,21900
Chevrolet,S-10 Blazer,20053,21844
Chevrolet,Silverado Trucks,20053,"22061,22131,22128,22070"
Chevrolet,Silverado 1500,20053,22061
Chevrolet,Silverado 1500 Hybrid,20053,22131
Chevrolet,Silverado 2500,20053,22128
Chevrolet,Silverado 3500,20053,22070
Chevrolet,Sonic,20053,42324
Chevrolet,Spark,20053,47275
Chevrolet,Spark EV,20053,53187
Chevrolet,Sportvan,20053,22096
Chevrolet,SS,20053,52668
Chevrolet,SSR,20053,21938
Chevrolet,Suburban,20053,22124
Chevrolet,Tahoe,20053,22162
Chevrolet,Tahoe Hybrid,20053,22252
Chevrolet,Tracker,20053,22195
Chevrolet,TrailBlazer,20053,22197
Chevrolet,TrailBlazer EXT,20053,22292
Chevrolet,Traverse,20053,22296
Chevrolet,Trax,20053,57328
Chevrolet,Uplander,20053,22345
Chevrolet,Venture,20053,22270
Chevrolet,Volt,20053,35025
Chrysler,200,20008,20303
Chrysler,300,20008,20388
Chrysler,300C,20008,20394
Chrysler,300M,20008,20427
Chrysler,Aspen,20008,20648
Chrysler,Aspen Hybrid,20008,20647
Chrysler,Cirrus,20008,20822
Chrysler,Concorde,20008,20865
Chrysler,Crossfire,20008,20896
Chrysler,Grand Voyager,20008,21253
Chrysler,Imperial,20008,21262
Chrysler,LeBaron,20008,21374
Chrysler,LHS,20008,21327
Chrysler,New Yorker,20008,21726
Chrysler,Pacifica,20008,21701
Chrysler,Pacifica Hybrid,20008,36290525
Chrysler,Prowler,20008,21801
Chrysler,PT Cruiser,20008,21744
Chrysler,Sebring,20008,21921
Chrysler,TC by Maserati,20008,22147
Chrysler,Town & Country,20008,22191
Chrysler,Voyager,20008,22287
Daewoo,Lanos,20009,21370
Daewoo,Leganza,20009,21395
Daewoo,Nubira,20009,21732
Daihatsu,Charade,20055,20812
Daihatsu,Rocky,20055,21836
Dodge,Avenger,20012,20663
Dodge,Caliber,20012,20794
Dodge,Caravan,20012,20783
Dodge,Challenger,20012,20807
Dodge,Charger,20012,20840
Dodge,Colt,20012,20831
Dodge,D150,20012,20938
Dodge,D250,20012,20948
Dodge,D350,20012,20950
Dodge,Dakota,20012,20989
Dodge,Dart,20012,20991
Dodge,Daytona,20012,20978
Dodge,Durango,20012,21019
Dodge,Durango Hybrid,20012,21006
Dodge,Dynasty,20012,21028
Dodge,Grand Caravan,20012,21249
Dodge,Intrepid,20012,21268
Dodge,Journey,20012,21286
Dodge,Magnum,20012,21411
Dodge,Monaco,20012,21666
Dodge,Neon,20012,21688
Dodge,Nitro,20012,21691
Dodge,Pickup,20012,21775
Dodge,Ram 50,20012,21803
Dodge,Ram Trucks,20012,"21775,21858,21802,21860"
Dodge,Pickup,20012,21775
Dodge,Ram 1500,20012,21858
Dodge,Ram 2500,20012,21802
Dodge,Ram 3500,20012,21860
Dodge,Ram Van,20012,21861
Dodge,Ram Wagon,20012,21804
Dodge,Ramcharger,20012,21868
Dodge,Shadow,20012,22040
Dodge,Spirit,20012,22174
Dodge,Sprinter,20012,22183
Dodge,SRT Viper,20012,51826
Dodge,Stealth,20012,22203
Dodge,Stratus,20012,22205
Dodge,Van,20012,22353
Dodge,Viper,20012,22363
Dodge,W150,20012,22370
Dodge,W250,20012,22293
Dodge,W350,20012,22371
Eagle,Premier,20058,21791
Eagle,Summit,20058,22210
Eagle,Talon,20058,22254
Eagle,Vision,20058,22283
Ferrari,348,20014,20413
Ferrari,360 Modena,20014,20420
Ferrari,360 Spider,20014,36544
Ferrari,456 GT,20014,20446
Ferrari,456 M,20014,20480
Ferrari,458 Italia,20014,40083
Ferrari,458 Speciale,20014,30002053
Ferrari,458 Spider,20014,48063
Ferrari,488 GTB,20014,35331199
Ferrari,488 Spider,20014,36302758
Ferrari,512 M,20014,20466
Ferrari,512 TR,20014,20492
Ferrari,550 Barchetta,20014,20505
Ferrari,550 Maranello,20014,20489
Ferrari,575 M,20014,20491
Ferrari,599 GTB Fiorano,20014,20508
Ferrari,599 GTO,20014,51283
Ferrari,612 Scaglietti,20014,20501
Ferrari,California,20014,20768
Ferrari,Challenge Stradale,20014,20832
Ferrari,Enzo,20014,21077
Ferrari,F12berlinetta,20014,52427
Ferrari,F355,20014,21117
Ferrari,F40,20014,21099
Ferrari,F430,20014,21119
Ferrari,F50,20014,21121
Ferrari,FF,20014,42703
Ferrari,GTC4Lusso,20014,36318180
Ferrari,Mondial,20014,21668
Ferrari,Mondial t,20014,21681
Ferrari,Superamerica,20014,22140
Ferrari,Testarossa,20014,22262
FIAT,124 Spider,20060,33484310
FIAT,500,20060,20483
FIAT,500C,20060,43523
FIAT,500e,20060,53260
FIAT,500L,20060,51868
FIAT,500X,20060,58488
Fisker,Karma,41703,41704
Ford,Aerostar,20015,20618
Ford,Aspire,20015,20651
Ford,Bronco,20015,20717
Ford,C-Max Energi,20015,50243
Ford,C-Max Hybrid,20015,49085
Ford,Club Wagon,20015,20827
Ford,Contour,20015,20853
Ford,Crown Victoria,20015,20906
Ford,Econoline Vans,20015,"21050,26506,26502,26507,22353"
Ford,E150,20015,21050
Ford,E250,20015,26506
Ford,E350,20015,26502
Ford,E350 Super Duty,20015,26507
Ford,Van,20015,22353
Ford,EcoSport,20015,36284899
Ford,Edge,20015,21039
Ford,Escape,20015,21088
Ford,Escape Hybrid,20015,21070
Ford,Escort,20015,21090
Ford,Excursion,20015,21102
Ford,Expedition (all),20015,"21104,21085,36324071"
Ford,Expedition,20015,21104
Ford,Expedition EL,20015,21085
Ford,Expedition Max,20015,36324071
Ford,Explorer,20015,21105
Ford,Explorer Sport,20015,21087
Ford,Explorer Sport Trac,20015,21107
Ford,F-Series Trucks,20015,"21095,21115,21097,21101,21775"
Ford,F-150,20015,21095
Ford,F-250,20015,21115
Ford,F-350,20015,21097
Ford,F-450,20015,21101
Ford,Pickup,20015,21775
Ford,Festiva,20015,21141
Ford,Fiesta,20015,21146
Ford,Five Hundred,20015,21156
Ford,Flex,20015,21136
Ford,Focus,20015,21138
Ford,Focus Electric,20015,42464
Ford,Focus RS,20015,30036452
Ford,Focus ST,20015,48704
Ford,Freestar,20015,21169
Ford,Freestyle,20015,21144
Ford,Fusion,20015,21175
Ford,Fusion Energi,20015,53027
Ford,Fusion Hybrid,20015,27661
Ford,GT,20015,21203
Ford,LTD,20015,21365
Ford,Mustang,20015,21712
Ford,Pickup,20015,21775
Ford,Probe,20015,21752
Ford,Ranger,20015,21874
Ford,Sedan Police Interceptor,20015,57387
Ford,Shelby GT350,20015,30021281
Ford,Shelby GT500,20015,36301573
Ford,Taurus,20015,22164
Ford,Taurus X,20015,22256
Ford,Tempo,20015,22258
Ford,Thunderbird,20015,22263
Ford,Transit Connect,20015,28203
Ford,Transit-150,20015,56747
Ford,Transit-250,20015,56748
Ford,Transit-350,20015,56749
Ford,Utility Police Interceptor,20015,30032338
Ford,Windstar,20015,22375
Ford,ZX2,20015,22335
Genesis,G80,35354491,35357470
Genesis,G90,35354491,35518730
Geo,Metro,20062,21500
Geo,Prizm,20062,21797
Geo,Storm,20062,22204
Geo,Tracker,20062,22195
GMC,1500,20061,20277
GMC,2500,20061,20377
GMC,3500,20061,20451
GMC,Acadia,20061,20607
GMC,Acadia Limited,20061,34280445
GMC,Canyon,20061,20778
GMC,Envoy,20061,21062
GMC,Envoy XL,20061,21075
GMC,Envoy XUV,20061,21063
GMC,Jimmy,20061,21324
GMC,Pickup,20061,21775
GMC,Rally,20061,21856
GMC,S-15 Jimmy,20061,21904
GMC,Safari,20061,21897
GMC,Savana Vans,20061,"21907,26509,26505,22353,22261"
GMC,Savana 1500,20061,21907
GMC,Savana 2500,20061,26509
GMC,Savana 3500,20061,26505
GMC,Van,20061,22353
GMC,Vandura,20061,22261
GMC,Sierra Trucks,20061,"21775,22044,22109,22107,22045"
GMC,Pickup,20061,21775
GMC,Sierra 1500,20061,22044
GMC,Sierra 1500 Hybrid,20061,22109
GMC,Sierra 2500,20061,22107
GMC,Sierra 3500,20061,22045
GMC,Sonoma,20061,22148
GMC,Suburban,20061,22124
GMC,Terrain,20061,30003
GMC,Van,20061,22353
GMC,Yukon,20061,22393
GMC,Yukon Hybrid,20061,22332
GMC,Yukon XL,20061,22394
Honda,Accord,20017,20606
Honda,Accord Crosstour,20017,34203
Honda,Accord Hybrid,20017,20611
Honda,Accord Plug-In Hybrid,20017,52227
Honda,Civic,20017,20823
Honda,Civic Hybrid,20017,20848
Honda,Civic Type R,20017,36358349
Honda,Clarity Fuel Cell,20017,36305422
Honda,Clarity Plug-In Hybrid,20017,36363973
Honda,CR-V,20017,20762
Honda,CR-Z,20017,35363
Honda,Crosstour,20017,34743
Honda,CRX,20017,20781
Honda,del Sol,20017,22337
Honda,Element,20017,21055
Honda,Fit,20017,21128
Honda,Fit EV,20017,47276
Honda,HR-V,20017,30000212
Honda,Insight,20017,21300
Honda,Odyssey,20017,21734
Honda,Passport,20017,21720
Honda,Pilot,20017,21729
Honda,Prelude,20017,21741
Honda,Ridgeline,20017,21884
Honda,S2000,20017,21910
Hummer,H1,20018,21229
Hummer,H1 Alpha,20018,21257
Hummer,H2,20018,21230
Hummer,H3,20018,21258
Hummer,H3T,20018,26261
Hyundai,Accent,20064,20605
Hyundai,Azera,20064,20666
Hyundai,Elantra,20064,21053
Hyundai,Elantra GT,20064,49764
Hyundai,Elantra Touring,20064,27781
Hyundai,Entourage,20064,21073
Hyundai,Equus,20064,35963
Hyundai,Excel,20064,21082
Hyundai,Genesis,20064,21221
Hyundai,Genesis Coupe,20064,30263
Hyundai,Ioniq EV,20064,36301306
Hyundai,Ioniq Hybrid,20064,36301312
Hyundai,Ioniq Plug-In Hybrid,20064,36372410
Hyundai,Kona,20064,36362537
Hyundai,Santa Fe,20064,21899
Hyundai,Santa Fe Sport,20064,50643
Hyundai,Scoupe,20064,21955
Hyundai,Sonata,20064,22146
Hyundai,Sonata Hybrid,20064,39583
Hyundai,Sonata Plug-In Hybrid,20064,33386193
Hyundai,Tiburon,20064,22264
Hyundai,Tucson,20064,22302
Hyundai,Veloster,20064,42323
Hyundai,Veracruz,20064,22272
Hyundai,XG300,20064,22381
Hyundai,XG350,20064,22317
INFINITI,EX35,20019,21046
INFINITI,EX37,20019,49584
INFINITI,FX (all),20019,"21108,49585,21129,21110"
INFINITI,FX35,20019,21108
INFINITI,FX37,20019,49585
INFINITI,FX45,20019,21129
INFINITI,FX50,20019,21110
INFINITI,G (all),20019,"21151,38826,21179,21153"
INFINITI,G20,20019,21151
INFINITI,G25,20019,38826
INFINITI,G35,20019,21179
INFINITI,G37,20019,21153
INFINITI,I (all),20019,"21236,21279"
INFINITI,I30,20019,21236
INFINITI,I35,20019,21279
INFINITI,IPL G,20019,49665
INFINITI,J30,20019,21311
INFINITI,JX35,20019,47283
INFINITI,M (all),20019,"21394,40845,35027,21418,35028"
INFINITI,M35,20019,21394
INFINITI,M35h,20019,40845
INFINITI,M37,20019,35027
INFINITI,M45,20019,21418
INFINITI,M56,20019,35028
INFINITI,M30,20019,21416
INFINITI,Q40,20019,58407
INFINITI,Q45,20019,21806
INFINITI,Q50,20019,52108
INFINITI,Q50 Hybrid,20019,52969
INFINITI,Q60,20019,54539
INFINITI,Q60 IPL,20019,54868
INFINITI,Q70,20019,54814
INFINITI,Q70h,20019,56611
INFINITI,Q70L,20019,58567
INFINITI,QX (all),20019,"33482960,21808,54450,21760,54187,52654,54413,54451"
INFINITI,QX30,20019,33482960
INFINITI,QX4,20019,21808
INFINITI,QX50,20019,54450
INFINITI,QX56,20019,21760
INFINITI,QX60,20019,54187
INFINITI,QX60 Hybrid,20019,52654
INFINITI,QX70,20019,54413
INFINITI,QX80,20019,54451
International,CXT,20065,20765
International,MXT,20065,21409
International,RXT,20065,21852
Isuzu,Amigo,20020,20635
Isuzu,Ascender,20020,20641
Isuzu,Axiom,20020,20665
Isuzu,Impulse,20020,21264
Isuzu,Isuzu Trucks,20020,"21261,22399,22338,22400,22339,21775"
Isuzu,Hombre,20020,21261
Isuzu,i-280,20020,22399
Isuzu,i-290,20020,22338
Isuzu,i-350,20020,22400
Isuzu,i-370,20020,22339
Isuzu,Pickup,20020,21775
Isuzu,Oasis,20020,21693
Isuzu,Rodeo,20020,21892
Isuzu,Rodeo Sport,20020,21838
Isuzu,Stylus,20020,22208
Isuzu,Trooper,20020,22211
Isuzu,VehiCROSS,20020,22268
Jaguar,E-PACE,20066,36329945
Jaguar,F-PACE,20066,30038756
Jaguar,F-TYPE,20066,58107
Jaguar,S-Type,20066,21851
Jaguar,Super V8,20066,22138
Jaguar,Super V8 Portfolio,20066,22224
Jaguar,Vanden Plas,20066,22354
Jaguar,X-Type,20066,22308
Jaguar,XE,20066,58489
Jaguar,XF,20066,22315
Jaguar,XJ,20066,22382
Jaguar,XJ12,20066,22320
Jaguar,XJ6,20066,22383
Jaguar,XJ8,20066,22322
Jaguar,XJR,20066,22384
Jaguar,XJR-S,20066,22323
Jaguar,XJS,20066,22385
Jaguar,XK,20066,22324
Jaguar,XK8,20066,22326
Jaguar,XKR,20066,22327
Jeep,Cherokee,20021,20814
Jeep,Comanche,20021,20858
Jeep,Commander,20021,20860
Jeep,Compass,20021,20864
Jeep,Grand Cherokee,20021,21222
Jeep,Grand Wagoneer,20021,21226
Jeep,Liberty,20021,21399
Jeep,New Compass,20021,36310138
Jeep,Patriot,20021,21766
Jeep,Renegade,20021,56807
Jeep,Wrangler,20021,22306
Jeep,Wrangler JK,20021,36343030
Jeep,Wrangler JK Unlimited,20021,36342936
Jeep,Wrangler Unlimited,20021,26381
Karma,Revero,36365359,36365449
Kia,Amanti,20068,20629
Kia,Borrego,20068,20711
Kia,Cadenza,20068,52087
Kia,Forte,20068,28323
Kia,Forte Koup,20068,32883
Kia,K900,20068,56013
Kia,Niro,20068,33910101
Kia,Niro Plug-In Hybrid,20068,36369375
Kia,Optima,20068,21740
Kia,Optima Hybrid,20068,40463
Kia,Optima Plug-In Hybrid,20068,36296927
Kia,Rio,20068,21828
Kia,Rio5,20068,21885
Kia,Rondo,20068,21840
Kia,Sedona,20068,21970
Kia,Sephia,20068,21974
Kia,Sorento,20068,22084
Kia,Soul,20068,27761
Kia,Soul EV,20068,56687
Kia,Spectra,20068,22090
Kia,Spectra5,20068,22161
Kia,Sportage,20068,22095
Kia,Stinger,20068,36293408
Koenigsegg,CCX,33663,33664
Lamborghini,Aventador,20069,42843
Lamborghini,Aventador S,20069,36376457
Lamborghini,Diablo,20069,20994
Lamborghini,Gallardo,20069,21195
Lamborghini,Huracan,20069,56867
Lamborghini,Murcielago,20069,21683
Land Rover,Defender,20024,21002
Land Rover,Discovery,20024,20999
Land Rover,Discovery Sport,20024,58230
Land Rover,Freelander,20024,21143
Land Rover,LR2,20024,21360
Land Rover,LR3,20024,21335
Land Rover,LR4,20024,30004
Land Rover,Range Rover,20024,21872
Land Rover,Range Rover Evoque,20024,43403
Land Rover,Range Rover Sport,20024,21811
Land Rover,Range Rover Velar,20024,36308693
Lexus,CT 200h,20070,35964
Lexus,ES (all),20070,"21043,21025,48266,21044,21027"
Lexus,ES 250,20070,21043
Lexus,ES 300,20070,21025
Lexus,ES 300h,20070,48266
Lexus,ES 330,20070,21044
Lexus,ES 350,20070,21027
Lexus,GS (all),20070,"30023412,21168,21196,21170,21198,21172,21174,30038753"
Lexus,GS 200t,20070,30023412
Lexus,GS 300,20070,21168
Lexus,GS 350,20070,21196
Lexus,GS 400,20070,21170
Lexus,GS 430,20070,21198
Lexus,GS 450h,20070,21172
Lexus,GS 460,20070,21174
Lexus,GS F,20070,30038753
Lexus,GX 460,20070,34883
Lexus,GX 470,20070,21213
Lexus,HS 250h,20070,27821
Lexus,IS (all),20070,"30028219,21281,30465,21239,21289,30466,21241"
Lexus,IS 200t,20070,30028219
Lexus,IS 250,20070,21281
Lexus,IS 250C,20070,30465
Lexus,IS 300,20070,21239
Lexus,IS 350,20070,21289
Lexus,IS 350C,20070,30466
Lexus,IS-F,20070,21241
Lexus,LC 500,20070,33796915
Lexus,LC 500h,20070,36308889
Lexus,LFA,20070,35029
Lexus,LS (all),20070,"21337,21363,21339,36293903,21364"
Lexus,LS 400,20070,21337
Lexus,LS 430,20070,21363
Lexus,LS 460,20070,21339
Lexus,LS 500,20070,36293903
Lexus,LS 600h L,20070,21364
Lexus,LS 500h,20070,36310230
Lexus,LX (all),20070,"21369,21353,21371"
Lexus,LX 450,20070,21369
Lexus,LX 470,20070,21353
Lexus,LX 570,20070,21371
Lexus,NX 200t,20070,57887
Lexus,NX 300,20070,36348273
Lexus,NX 300h,20070,57888
Lexus,RC 200t,20070,30034963
Lexus,RC 300,20070,30035060
Lexus,RC 350,20070,57928
Lexus,RC F,20070,56307
Lexus,RX (all),20070,"21785,21839,21787,36366385,21841,27664"
Lexus,RX 300,20070,21785
Lexus,RX 330,20070,21839
Lexus,RX 350,20070,21787
Lexus,RX 350L,20070,36366385
Lexus,RX 400h,20070,21841
Lexus,RX 450h,20070,27664
Lexus,SC (all),20070,"21869,21925,21871"
Lexus,SC 300,20070,21869
Lexus,SC 400,20070,21925
Lexus,SC 430,20070,21871
Lincoln,Aviator,20025,20669
Lincoln,Blackwood,20025,20701
Lincoln,Continental,20025,20849
Lincoln,LS,20025,21362
Lincoln,Mark LT,20025,21457
Lincoln,Mark VII,20025,21434
Lincoln,Mark VIII,20025,21461
Lincoln,MKC,20025,56027
Lincoln,MKS,20025,21403
Lincoln,MKT,20025,27841
Lincoln,MKX,20025,21425
Lincoln,MKZ,20025,21404
Lincoln,MKZ Hybrid,20025,38163
Lincoln,Navigator,20025,21719
Lincoln,Navigator L,20025,30016700
Lincoln,Town Car,20025,22286
Lincoln,Zephyr,20025,22336
Lotus,Elan,20071,21057
Lotus,Elise,20071,21056
Lotus,Esprit,20071,21094
Lotus,Esprit V8,20071,21076
Lotus,Evora,20071,34703
Lotus,Evora 400,20071,36282116
Lotus,Exige,20071,21103
Lotus,Exige S,20071,21084
Maserati,Coupe,20072,20891
Maserati,Ghibli,20072,21197
Maserati,GranSport,20072,21246
Maserati,GranSport Spyder,20072,21216
Maserati,GranTurismo,20072,21247
Maserati,Levante,20072,34226822
Maserati,Quattroporte,20072,21814
Maserati,Spyder,20072,22185
Maybach,Landaulet,20027,27481
Maybach,Type 57,20027,22232
Maybach,Type 62,20027,22319
Mazda,323,20073,20443
Mazda,626,20073,20509
Mazda,929,20073,20573
Mazda,B-Series Trucks,20073,"20683,20681,20684,20686,20685,20688,21775"
Mazda,B2200,20073,20683
Mazda,B2300,20073,20681
Mazda,B2500,20073,20684
Mazda,B2600,20073,20686
Mazda,B3000,20073,20685
Mazda,B4000,20073,20688
Mazda,Pickup,20073,21775
Mazda,CX-3,20073,30000208
Mazda,CX-5,20073,47277
Mazda,CX-7,20073,20764
Mazda,CX-9,20073,20788
Mazda,Mazda2,20073,35965
Mazda,Mazda3,20073,21446
Mazda,Mazda5,20073,21488
Mazda,Mazda6,20073,21447
Mazda,MazdaSpeed Miata MX-5,20073,21490
Mazda,MazdaSpeed Protege,20073,21448
Mazda,MazdaSpeed3,20073,21492
Mazda,MazdaSpeed6,20073,21450
Mazda,Millenia,20073,21505
Mazda,MPV,20073,21427
Mazda,MX-3,20073,21407
Mazda,MX-5 Miata,20073,21460
Mazda,MX-5 Miata RF,20073,36280700
Mazda,MX-6,20073,21431
Mazda,Navajo,20073,21687
Mazda,Protege,20073,21800
Mazda,Protege5,20073,21754
Mazda,RX-7,20073,21850
Mazda,RX-8,20073,21794
Mazda,Tribute,20073,22209
Mazda,Tribute Hybrid,20073,22300
McLaren,570GT,47903,36296923
McLaren,570S,47903,35009100
McLaren,650S,47903,30001432
McLaren,675LT,47903,33910227
McLaren,720S,47903,36375923
McLaren,MP4-12C,47903,47904
Mercedes-Benz,190,20028,20298
Mercedes-Benz,AMG GT,20028,30000114
Mercedes-Benz,B-Class,20028,35084701
Mercedes-Benz,B-Class Electric Drive,20028,57790
Mercedes-Benz,C (all),20028,"30022818,36279856,36279857,20745"
Mercedes-Benz,AMG C,20028,30022818
Mercedes-Benz,AMG C 43,20028,36279856
Mercedes-Benz,AMG C 63,20028,36279857
Mercedes-Benz,C-Class,20028,20745
Mercedes-Benz,CL-Class,20028,20756
Mercedes-Benz,CLA (all),20028,"36279860,36279868,52909"
Mercedes-Benz,AMG CLA 45,20028,36279860
Mercedes-Benz,CLA 250,20028,36279868
Mercedes-Benz,CLA-Class,20028,52909
Mercedes-Benz,CLK-Class,20028,20775
Mercedes-Benz,CLS (all),20028,"30019342,36279861,36279870,20758"
Mercedes-Benz,AMG CLS,20028,30019342
Mercedes-Benz,AMG CLS 63,20028,36279861
Mercedes-Benz,CLS 550,20028,36279870
Mercedes-Benz,CLS-Class,20028,20758
Mercedes-Benz,E (all),20028,"30019351,36290282,36322313,21014"
Mercedes-Benz,AMG E,20028,30019351
Mercedes-Benz,AMG E 43,20028,36290282
Mercedes-Benz,AMG E 63,20028,36322313
Mercedes-Benz,E-Class,20028,21014
Mercedes-Benz,G (all),20028,"30034663,36290351,36290354,36299623,21177"
Mercedes-Benz,AMG G,20028,30034663
Mercedes-Benz,AMG G 63,20028,36290351
Mercedes-Benz,AMG G 65,20028,36290354
Mercedes-Benz,G 550 4x4 Squared,20028,36299623
Mercedes-Benz,G-Class,20028,21177
Mercedes-Benz,GL (all),20028,"30024860,21190"
Mercedes-Benz,AMG GL,20028,30024860
Mercedes-Benz,GL-Class,20028,21190
Mercedes-Benz,GLA (all),20028,"30024884,36279804,36279873,56288"
Mercedes-Benz,AMG GLA,20028,30024884
Mercedes-Benz,AMG GLA 45,20028,36279804
Mercedes-Benz,GLA 250,20028,36279873
Mercedes-Benz,GLA-Class,20028,56288
Mercedes-Benz,GLC (all),20028,"36282683,36310238,36279874,36372300,30011556"
Mercedes-Benz,AMG GLC 43,20028,36282683
Mercedes-Benz,AMG GLC 63,20028,36310238
Mercedes-Benz,GLC 300,20028,36279874
Mercedes-Benz,GLC 350e,20028,36372300
Mercedes-Benz,GLC-Class,20028,30011556
Mercedes-Benz,GLE (all),20028,"30019374,36279864,36279865,36279875,36279938,36279878,36279879,36327283,30003456"
Mercedes-Benz,AMG GLE,20028,30019374
Mercedes-Benz,AMG GLE 43,20028,36279864
Mercedes-Benz,AMG GLE 63,20028,36279865
Mercedes-Benz,GLE 300d,20028,36279875
Mercedes-Benz,GLE 350,20028,36279938
Mercedes-Benz,GLE 400,20028,36279878
Mercedes-Benz,GLE 550e,20028,36279879
Mercedes-Benz,GLE 550e Plug-In Hybrid,20028,36327283
Mercedes-Benz,GLE-Class,20028,30003456
Mercedes-Benz,GLK-Class,20028,27621
Mercedes-Benz,GLS (all),20028,"36279866,36279950,36279952,36279886"
Mercedes-Benz,AMG GLS 63,20028,36279866
Mercedes-Benz,GLS 350d,20028,36279950
Mercedes-Benz,GLS 450,20028,36279952
Mercedes-Benz,GLS 550,20028,36279886
Mercedes-Benz,M-Class,20028,21414
Mercedes-Benz,Maybach S,20028,30002097
Mercedes-Benz,Maybach S 550,20028,36280734
Mercedes-Benz,Maybach S 560,20028,36348163
Mercedes-Benz,Maybach S 600,20028,36280829
Mercedes-Benz,Maybach S 650,20028,36348301
Mercedes-Benz,Metris,20028,36279957
Mercedes-Benz,R-Class,20028,21824
Mercedes-Benz,S (all),20028,"30022853,36279867,36279814,21906"
Mercedes-Benz,AMG S,20028,30022853
Mercedes-Benz,AMG S 63,20028,36279867
Mercedes-Benz,AMG S 65,20028,36279814
Mercedes-Benz,S-Class,20028,21906
Mercedes-Benz,SL (all),20028,"30022872,36279918,36279921,36279958,36279890,21930"
Mercedes-Benz,AMG SL,20028,30022872
Mercedes-Benz,AMG SL 63,20028,36279918
Mercedes-Benz,AMG SL 65,20028,36279921
Mercedes-Benz,SL 450,20028,36279958
Mercedes-Benz,SL 550,20028,36279890
Mercedes-Benz,SL-Class,20028,21930
Mercedes-Benz,SLC (all),20028,"36279924,36279891"
Mercedes-Benz,AMG SLC 43,20028,36279924
Mercedes-Benz,SLC 300,20028,36279891
Mercedes-Benz,SLK (all),20028,"30019391,21877"
Mercedes-Benz,AMG SLK,20028,30019391
Mercedes-Benz,SLK-Class,20028,21877
Mercedes-Benz,SLR McLaren,20028,21932
Mercedes-Benz,SLS AMG,20028,36043
Mercedes-Benz,SLS AMG Black Series,20028,54427
Mercedes-Benz,Sprinter,20028,22183
Mercedes-Benz,Sprinter 2500,20028,36283002
Mercedes-Benz,Sprinter 3500,20028,36283532
Mercedes-Benz,Sprinter 3500XD,20028,36283944
Mercury,Capri,20074,20780
Mercury,Colony Park,20074,20829
Mercury,Cougar,20074,20886
Mercury,Grand Marquis,20074,21223
Mercury,Marauder,20074,21449
Mercury,Mariner,20074,21421
Mercury,Mariner Hybrid,20074,21451
Mercury,Milan,20074,21504
Mercury,Milan Hybrid,20074,27662
Mercury,Montego,20074,21674
Mercury,Monterey,20074,21704
Mercury,Mountaineer,20074,21706
Mercury,Mystique,20074,21714
Mercury,Sable,20074,21944
Mercury,Topaz,20074,22267
Mercury,Tracer,20074,22288
Mercury,Villager,20074,22280
MINI,Clubman,20075,38203
MINI,Convertible,20075,51005
MINI,Cooper,20075,20872
MINI,Cooper Clubman,20075,20855
MINI,Cooper Countryman,20075,41883
MINI,Cooper S,20075,20874
MINI,Cooper S Clubman,20075,20857
MINI,Cooper S Countryman,20075,41884
MINI,Countryman,20075,36083
MINI,Coupe,20075,20891
MINI,E Countryman,20075,36323989
MINI,Hardtop,20075,51006
MINI,Paceman,20075,51887
MINI,Roadster,20075,21834
Mitsubishi,3000GT,20030,20392
Mitsubishi,Diamante,20030,21011
Mitsubishi,Eclipse,20030,21037
Mitsubishi,Eclipse Cross,20030,36362434
Mitsubishi,Endeavor,20030,21060
Mitsubishi,Expo,20030,21089
Mitsubishi,Galant,20030,21189
Mitsubishi,i-MiEV,20030,45843
Mitsubishi,Lancer,20030,21361
Mitsubishi,Lancer Evolution,20030,21379
Mitsubishi,Lancer Sportback,20030,21368
Mitsubishi,Mirage,20030,21466
Mitsubishi,Mirage G4,20030,34227059
Mitsubishi,Montero,20030,21676
Mitsubishi,Montero Sport,20030,21705
Mitsubishi,Outlander,20030,21742
Mitsubishi,Outlander PHEV,20030,36369778
Mitsubishi,Outlander Sport,20030,35966
Mitsubishi,Pickup,20030,21775
Mitsubishi,Precis,20030,21789
Mitsubishi,Raider,20030,21854
Morgan,Aero 8,20076,20621
Morgan,Plus 8,20076,21735
Morgan,Roadster,20076,21834
Nissan,200SX,20077,20307
Nissan,240SX,20077,20361
Nissan,300ZX,20077,20403
Nissan,350Z,20077,20419
Nissan,370Z,20077,27663
Nissan,Altima,20077,20626
Nissan,Altima Hybrid,20077,20639
Nissan,Armada,20077,20645
Nissan,Cube,20077,28283
Nissan,Frontier,20077,21145
Nissan,GT-R,20077,21204
Nissan,Juke,20077,35967
Nissan,Leaf,20077,35968
Nissan,Maxima,20077,21445
Nissan,Murano,20077,21710
Nissan,Murano CrossCabriolet,20077,40403
Nissan,Murano Hybrid,20077,35084991
Nissan,NV Vans,20077,"48583,52187,52189,52194,48589,52192,52670"
Nissan,NV Cargo,20077,48583
Nissan,NV Cargo NV1500,20077,52187
Nissan,NV Cargo NV2500 HD,20077,52189
Nissan,NV Cargo NV3500 HD,20077,52194
Nissan,NV Passenger,20077,48589
Nissan,NV Passenger NV3500 HD,20077,52192
Nissan,NV200,20077,52670
Nissan,NV200,20077,52670
Nissan,NX,20077,21716
Nissan,Pathfinder,20077,21761
Nissan,Pathfinder Hybrid,20077,52655
Nissan,Pickup,20077,21775
Nissan,Quest,20077,21764
Nissan,Rogue,20077,21894
Nissan,Rogue Hybrid,20077,30033647
Nissan,Rogue Select,20077,56530
Nissan,Rogue Sport,20077,36293534
Nissan,Sentra,20077,21931
Nissan,Stanza,20077,22194
Nissan,Titan,20077,22171
Nissan,Titan XD,20077,33761895
Nissan,Versa,20077,22274
Nissan,Versa Note,20077,52109
Nissan,Xterra,20077,22330
Oldsmobile,Achieva,20032,20610
Oldsmobile,Alero,20032,20623
Oldsmobile,Aurora,20032,20654
Oldsmobile,Bravada,20032,20715
Oldsmobile,Custom Cruiser,20032,20905
Oldsmobile,Cutlass,20032,20911
Oldsmobile,Cutlass Calais,20032,20922
Oldsmobile,Cutlass Ciera,20032,20913
Oldsmobile,Cutlass Cruiser,20032,20923
Oldsmobile,Cutlass Supreme,20032,20924
Oldsmobile,Eighty-Eight,20032,21041
Oldsmobile,Intrigue,20032,21304
Oldsmobile,LSS,20032,21341
Oldsmobile,Ninety-Eight,20032,21728
Oldsmobile,Regency,20032,21817
Oldsmobile,Silhouette,20032,22111
Oldsmobile,Toronado,20032,22273
Panoz,AIV Roadster,20079,20602
Panoz,Esperante,20079,21074
Panoz,Roadster,20079,21834
Peugeot,505,20034,20458
Plymouth,Acclaim,20080,20609
Plymouth,Breeze,20080,20708
Plymouth,Colt,20080,20831
Plymouth,Grand Voyager,20080,21253
Plymouth,Laser,20080,21372
Plymouth,Neon,20080,21688
Plymouth,Prowler,20080,21801
Plymouth,Sundance,20080,22212
Plymouth,Voyager,20080,22287
Pontiac,6000,20035,20512
Pontiac,Aztek,20035,20673
Pontiac,Bonneville,20035,20709
Pontiac,Firebird,20035,21148
Pontiac,G3,20035,27401
Pontiac,G5,20035,21181
Pontiac,G6,20035,21155
Pontiac,G8,20035,21186
Pontiac,Grand Am,20035,21220
Pontiac,Grand Prix,20035,21251
Pontiac,GTO,20035,21207
Pontiac,LeMans,20035,21376
Pontiac,Montana,20035,21670
Pontiac,Montana SV6,20035,21702
Pontiac,Solstice,20035,22141
Pontiac,Sunbird,20035,22125
Pontiac,Sunfire,20035,22126
Pontiac,T1000,20035,22145
Pontiac,Torrent,20035,22279
Pontiac,Trans Sport,20035,22199
Pontiac,Vibe,20035,22276
Porsche,718 Boxster,20081,34293165
Porsche,718 Cayman,20081,36291475
Porsche,911,20081,20567
Porsche,918 Spyder,20081,57448
Porsche,928,20081,20583
Porsche,944,20081,20577
Porsche,968,20081,20581
Porsche,Boxster,20081,20705
Porsche,Carrera GT,20081,20786
Porsche,Cayenne,20081,20791
Porsche,Cayenne E-Hybrid,20081,58570
Porsche,Cayenne Hybrid,20081,36987
Porsche,Cayman,20081,20819
Porsche,Macan,20081,56014
Porsche,Panamera,20081,30005
Porsche,Panamera e-Hybrid,20081,54449
Porsche,Panamera e-Hybrid Sport Turismo,20081,36323088
Porsche,Panamera Hybrid,20081,46443
Porsche,Panamera Sport Turismo,20081,36323063
Qvale,Mangusta,20036,21439
RAM,1500,44763,20277
RAM,2500,44763,20377
RAM,3500,44763,20451
RAM,Cargo,44763,45303
RAM,ProMaster 1500,44763,52653
RAM,ProMaster 2500,44763,52651
RAM,ProMaster 2500 Window Van,44763,54810
RAM,ProMaster 3500,44763,52652
RAM,ProMaster 3500 Window Van,44763,30008915
RAM,ProMaster City,44763,30000373
Rolls-Royce,40/50 HP Silver Ghost,20037,34137842
Rolls-Royce,Corniche,20037,20878
Rolls-Royce,Dawn,20037,34281190
Rolls-Royce,Ghost,20037,35023
Rolls-Royce,Park Ward,20037,21755
Rolls-Royce,Phantom,20037,56531
Rolls-Royce,Phantom Coupe,20037,21768
Rolls-Royce,Phantom Drophead Coupe,20037,21724
Rolls-Royce,Phantom VI,20037,21772
Rolls-Royce,Silver Dawn,20037,22115
Rolls-Royce,Silver Seraph,20037,22117
Rolls-Royce,Silver Spur,20037,22057
Rolls-Royce,Silver Spur II,20037,33343
Rolls-Royce,Wraith,20037,52656
Saab,9-2X,20038,20565
Saab,9-3,20038,20549
Saab,9-3X,20038,43903
Saab,9-4X,20038,42943
Saab,9-5,20038,20566
Saab,9-7X,20038,20551
Saab,900,20038,20553
Saab,9000,20038,20570
Saleen,S7,20084,21862
Saturn,Astra,20039,20649
Saturn,Aura,20039,20655
Saturn,Aura Hybrid (all),20039,"20652,20657"
Saturn,Aura Green Line,20039,20652
Saturn,Aura Hybrid,20039,20657
Saturn,Ion,20039,21305
Saturn,L,20039,21310
Saturn,LS,20039,21362
Saturn,LW,20039,21351
Saturn,Outlook,20039,21698
Saturn,Relay,20039,21819
Saturn,SC,20039,21924
Saturn,Sky,20039,22075
Saturn,SL,20039,21875
Saturn,SW,20039,21942
Saturn,Vue,20039,22368
Saturn,Vue Hybrid (all),20039,"22289,22369"
Saturn,Vue Green Line,20039,22289
Saturn,Vue Hybrid,20039,22369
Scion,FR-S,20085,47565
Scion,iA,20085,30003484
Scion,iM,20085,30003493
Scion,iQ,20085,35969
Scion,tC,20085,22401
Scion,xA,20085,22340
Scion,xB,20085,22402
Scion,xD,20085,22341
smart,ForTwo,20228,21164
smart,ForTwo Electric Drive,20228,42803
Spyker,C8,33584,38403
Spyker,C8 Aileron,33584,33604
Spyker,C8 Laviolette,33584,34823
Sterling,827,20040,20560
Subaru,B9 Tribeca,20041,20687
Subaru,Baja,20041,20690
Subaru,BRZ,20041,47566
Subaru,Crosstrek,20041,30031770
Subaru,Crosstrek Hybrid,20041,30031781
Subaru,Forester,20041,21165
Subaru,Impreza,20041,21295
Subaru,Impreza Outback Sport,20041,36843
Subaru,Impreza WRX,20041,51803
Subaru,Impreza WRX STi,20041,38443
Subaru,Justy,20041,21325
Subaru,Legacy,20041,21378
Subaru,Loyale,20041,21384
Subaru,Outback,20041,21697
Subaru,SVX,20041,21891
Subaru,Tribeca,20041,22298
Subaru,WRX,20041,50683
Subaru,WRX STI,20041,50684
Subaru,XT,20041,22391
Subaru,XV Crosstrek,20041,48265
Subaru,XV Crosstrek Hybrid,20041,52657
Suzuki,Aerio,20042,20619
Suzuki,Equator,20042,21079
Suzuki,Esteem,20042,21098
Suzuki,Forenza,20042,21140
Suzuki,Grand Vitara,20042,21225
Suzuki,Kizashi,20042,34643
Suzuki,Reno,20042,21826
Suzuki,Samurai,20042,21945
Suzuki,Sidekick,20042,22043
Suzuki,Swift,20042,22229
Suzuki,SX4,20042,21893
Suzuki,Verona,20042,22359
Suzuki,Vitara,20042,22284
Suzuki,X-90,20042,22376
Suzuki,XL7,20042,22328
Tesla,Model 3,28263,36328799
Tesla,Model S,28263,21655
Tesla,Model X,28263,21661
Tesla,Roadster,28263,21834
Toyota,4Runner,20088,20482
Toyota,86,20088,34172170
Toyota,Avalon,20088,20658
Toyota,Avalon Hybrid,20088,51703
Toyota,C-HR,20088,36283124
Toyota,Camry,20088,20800
Toyota,Camry Hybrid,20088,20774
Toyota,Camry Solara,20088,20802
Toyota,Celica,20088,20821
Toyota,Corolla,20088,20861
Toyota,Corolla iM,20088,35084748
Toyota,Cressida,20088,20895
Toyota,ECHO,20088,21016
Toyota,FJ Cruiser,20088,21127
Toyota,Highlander,20088,21260
Toyota,Highlander Hybrid,20088,21233
Toyota,Land Cruiser,20088,21381
Toyota,Matrix,20088,21444
Toyota,Mirai,20088,33385383
Toyota,MR2,20088,21405
Toyota,Paseo,20088,21718
Toyota,Pickup,20088,21775
Toyota,Previa,20088,21795
Toyota,Prius,20088,21751
Toyota,Prius c,20088,47567
Toyota,Prius Plug-in,20088,47108
Toyota,Prius Prime,20088,36273890
Toyota,Prius v,20088,46703
Toyota,RAV4,20088,21780
Toyota,RAV4 EV,20088,50903
Toyota,RAV4 Hybrid,20088,30003416
Toyota,Sequoia,20088,21933
Toyota,Sienna,20088,22101
Toyota,Supra,20088,22143
Toyota,T100,20088,22231
Toyota,Tacoma,20088,22250
Toyota,Tercel,20088,22166
Toyota,Tundra,20088,22213
Toyota,Venza,20088,22358
Toyota,Yaris,20088,22331
Toyota,Yaris iA,20088,35084961
Volkswagen,Atlas,20089,36282396
Volkswagen,Beetle,20089,43344
Volkswagen,Cabrio,20089,20766
Volkswagen,Cabriolet,20089,20792
Volkswagen,CC,20089,27321
Volkswagen,Corrado,20089,20882
Volkswagen,e-Golf,20089,56107
Volkswagen,Eos,20089,21064
Volkswagen,Eurovan,20089,21100
Volkswagen,Fox,20089,21166
Volkswagen,GLI,20089,36307255
Volkswagen,Golf,20089,21242
Volkswagen,Golf Alltrack,20089,35864320
Volkswagen,Golf GTI,20089,58767
Volkswagen,Golf R,20089,47951
Volkswagen,Golf SportWagen,20089,30003099
Volkswagen,GTI,20089,21183
Volkswagen,Jetta,20089,21285
Volkswagen,Jetta Hybrid,20089,47568
Volkswagen,Jetta SportWagen,20089,50644
Volkswagen,New Beetle,20089,20691
Volkswagen,New Cabrio,20089,21721
Volkswagen,Passat,20089,21758
Volkswagen,Phaeton,20089,21723
Volkswagen,R32,20089,21827
Volkswagen,Rabbit,20089,21796
Volkswagen,Routan,20089,21896
Volkswagen,Tiguan,20089,22265
Volkswagen,Tiguan Limited,20089,36343233
Volkswagen,Touareg,20089,22189
Volkswagen,Touareg 2,20089,22281
Volkswagen,Touareg Hybrid,20089,39827
Volkswagen,Van,20089,22353
Volvo,240,20044,20359
Volvo,740,20044,20539
Volvo,850,20044,20546
Volvo,940,20044,20585
Volvo,960,20044,20588
Volvo,C30,20044,20749
Volvo,C70,20044,20751
Volvo,Coupe,20044,20891
Volvo,S40,20044,21857
Volvo,S60,20044,21916
Volvo,S60 Cross Country,20044,30000874
Volvo,S60 Inscription,20044,30019645
Volvo,S70,20044,21918
Volvo,S80,20044,21920
Volvo,S90,20044,21864
Volvo,S90 Hybrid,20044,36326814
Volvo,V40,20044,22349
Volvo,V50,20044,22251
Volvo,V60,20044,56208
Volvo,V60 Cross Country,20044,30003796
Volvo,V70,20044,22350
Volvo,V90,20044,22351
Volvo,V90 Cross Country,20044,36281513
Volvo,XC40,20044,36362500
Volvo,XC60,20044,22379
Volvo,XC60 Hybrid,20044,36321398
Volvo,XC70,20044,22313
Volvo,XC90,20044,22380
Volvo,XC90 Hybrid,20044,30023481
Yugo,Cabrio,20045,20766
